{
  "setting_name": "token_topk_50",
  "spec": {
    "name": "token_topk",
    "k": 50
  },
  "n_samples": 100,
  "n_correct": 85,
  "accuracy": 85.0,
  "avg_steps": 299.84,
  "avg_tokens": 309.03,
  "avg_reused_per_sample": 127459.69,
  "total_reused": 12745969,
  "total_decisions": 811356,
  "reuse_rate": 0.4909207934001844,
  "elapsed_seconds": 2745.8227260112762
}